ACEN Colleges of Nursing,Program Type,State/Country,Status
Bevill State Community College,Associate,Alabama,Accredited
Bishop State Community College,Associate,Alabama,Accredited
Calhoun Community College,Associate,Alabama,Accredited
Central Alabama Community College,Associate,Alabama,Accredited
Chattahoochee Valley Community College,Associate,Alabama,Accredited
Coastal Alabama Community College,Associate,Alabama,Accredited
Gadsden State Community College,Associate,Alabama,Accredited
George C. Wallace Community College,Associate,Alabama,Accredited
George Corley Wallace Community College-Selma,Associate,Alabama,Accredited
Herzing University – Birmingham,Associate,Alabama,Accredited
J.F. Drake State Community and Technical College,Associate,Alabama,Accredited
Jefferson State Community College,Associate,Alabama,Accredited
Lawson State Community College,Associate,Alabama,Accredited
Lurleen B. Wallace Community College,Associate,Alabama,Accredited
Northeast Alabama Community College,Associate,Alabama,Accredited
Northwest-Shoals Community College,Associate,Alabama,Accredited
Shelton State Community College,Associate,Alabama,Accredited
Snead State Community College,Associate,Alabama,Accredited
Southern Union State Community College,Associate,Alabama,Accredited
Troy University,Baccalaureate,Alabama,Accredited
Troy University,Master’s/Post-Master’s Certificate,Alabama,Accredited
Troy University,Associate,Alabama,Accredited
Troy University,Clinical Doctorate,Alabama,Accredited
Tuskegee University,Baccalaureate,Alabama,Accredited
"University of West Alabama, The",Associate,Alabama,Accredited
"University of West Alabama, The",Baccalaureate,Alabama,Accredited
Wallace State Community College,Associate,Alabama,Accredited
Alaska Pacific University,Baccalaureate,Alaska,Accredited
Alaska Pacific University,Associate,Alaska,Accredited
Prospect Education – Charter College,Associate,Alaska,Accredited
University of Alaska Anchorage,Master’s/Post-Master’s Certificate,Alaska,Accredited
University of Alaska Anchorage,Baccalaureate,Alaska,Accredited
University of Alaska Anchorage,Associate,Alaska,Accredited
Arizona Western College,Associate,Arizona,Accredited
Carrington College – Mesa,Associate,Arizona,Accredited
Carrington College – Phoenix,Associate,Arizona,Accredited
Carrington College – Tucson,Associate,Arizona,Accredited
Central Arizona College,Associate,Arizona,Accredited
Chandler-Gilbert Community College,Associate,Arizona,Accredited
Cochise College,Associate,Arizona,Accredited
Eastern Arizona College,Associate,Arizona,Accredited
Estrella Mountain Community College,Associate,Arizona,Accredited
Gateway Community College,Associate,Arizona,Accredited
Glendale Community College,Associate,Arizona,Accredited
Mesa Community College,Associate,Arizona,Accredited
Mohave Community College,Associate,Arizona,Accredited
Northland Pioneer College,Associate,Arizona,Accredited
Paradise Valley Community College – Maricopa Community Colleges,Associate,Arizona,Accredited
Phoenix College,Associate,Arizona,Accredited
Pima County Community College District,Associate,Arizona,Accredited
Scottsdale Community College,Associate,Arizona,Accredited
Yavapai College,Associate,Arizona,Accredited
Arkansas Northeastern College,Associate,Arkansas,Accredited
Arkansas State University,Associate,Arkansas,Accredited
Arkansas State University,Baccalaureate,Arkansas,Accredited
Arkansas State University,Master’s/Post-Master’s Certificate,Arkansas,Accredited
Arkansas State University,Clinical Doctorate,Arkansas,Accredited
Arkansas Tech University,Baccalaureate,Arkansas,Accredited
Arkansas Tech University,Master’s,Arkansas,Accredited
Arkansas Tech University – Ozark,Associate,Arkansas,Accredited
Baptist Health College Little Rock,Associate,Arkansas,Accredited
National Park College,Associate,Arkansas,Accredited
North Arkansas College,Associate,Arkansas,Accredited
Northwest Arkansas Community College,Associate,Arkansas,Accredited
Ouachita Baptist University,Baccalaureate,Arkansas,Accredited
Phillips Community College of the University of Arkansas,Associate,Arkansas,Accredited
Southern Arkansas University,Baccalaureate,Arkansas,Accredited
University of Arkansas at Little Rock,Baccalaureate,Arkansas,Accredited
University of Arkansas at Little Rock,Associate,Arkansas,Accredited
University of Arkansas Community College at Batesville,Associate,Arkansas,Accredited
Cerritos Community College,Associate,California,Accredited
Chaffey College,Associate,California,Accredited
College of the Desert,Associate,California,Accredited
Cypress College,Associate,California,Accredited
Glendale Community College,Associate,California,Accredited
Golden West College,Associate,California,Accredited
Grossmont College,Associate,California,Accredited
Hartnell College,Associate,California,Accredited
Long Beach City College,Associate,California,Accredited
Los Angeles County College of Nursing and Allied Health,Associate,California,Accredited
Los Angeles Harbor College,Associate,California,Accredited
Los Angeles Valley College,Associate,California,Accredited
Monterey Peninsula College,Associate,California,Accredited
Moorpark College,Associate,California,Accredited
Ohlone College,Associate,California,Accredited
Pacific  College of Health and Science – New York,Master’s,California,Accredited
Pacific Union College,Baccalaureate,California,Accredited
Pacific Union College,Associate,California,Accredited
Palomar College,Associate,California,Accredited
Riverside City College,Associate,California,Accredited
Sacramento City College – Los Rios District,Associate,California,Accredited
Saddleback College,Associate,California,Accredited
San Bernardino Valley College,Associate,California,Accredited
San Diego City College,Associate,California,Accredited
San Joaquin Delta College,Associate,California,Accredited
San Jose/Evergreen Community College District,Associate,California,Accredited
Santa Ana College,Associate,California,Accredited
Santa Barbara City College,Associate,California,Accredited
Santa Monica College,Associate,California,Accredited
Sierra College,Associate,California,Accredited
Southwestern College,Associate,California,Accredited
Ventura College,Associate,California,Accredited
Weimar University,Baccalaureate,California,Accredited
Weimar University,Associate,California,Accredited
Xavier College,Associate,California,Accredited
Aims Community College,Associate,Colorado,Accredited
Arapahoe Community College,Associate,Colorado,Accredited
Arapahoe Community College,Baccalaureate,Colorado,Accredited
Colorado Mesa University,Associate,Colorado,Accredited
Colorado Mountain College,Associate,Colorado,Accredited
Colorado Mountain College,Baccalaureate,Colorado,Accredited
Colorado Northwestern Community College,Associate,Colorado,Accredited
Colorado State University – Pueblo,Master’s/Post-Master’s Certificate,Colorado,Accredited
Colorado State University – Pueblo,Baccalaureate,Colorado,Accredited
Colorado State University – Pueblo,Clinical Doctorate,Colorado,Accredited
Denver College of Nursing,Associate,Colorado,Accredited
Denver College of Nursing,Baccalaureate,Colorado,Accredited
Front Range Community College – Larimer Campus,Associate,Colorado,Accredited
Front Range Community College – Westminster Campus,Associate,Colorado,Accredited
Lamar Community College,Associate,Colorado,Accredited
Morgan Community College,Associate,Colorado,Accredited
Northeastern Junior College,Associate,Colorado,Accredited
Otero College,Associate,Colorado,Accredited
Pikes Peak State College,Associate,Colorado,Accredited
Platt College,Baccalaureate,Colorado,Accredited
Pueblo Community College,Associate,Colorado,Accredited
Trinidad State Junior College,Associate,Colorado,Accredited
Capital Community College,Associate,Connecticut,Accredited
Connecticut State Community College – Naugatuck Valley,Associate,Connecticut,Accredited
Connecticut State Community College – Northwestern,Associate,Connecticut,Accredited
Connecticut State Community College – Norwalk,Associate,Connecticut,Accredited
Connecticut State Community College – Three Rivers,Associate,Connecticut,Accredited
Gateway Community College,Associate,Connecticut,Accredited
Goodwin University,Associate,Connecticut,Accredited
Post University,Clinical Doctorate,Connecticut,Accredited
St. Vincent’s College at Sacred Heart University,Associate,Connecticut,Accredited
Beebe Medical Center,Diploma,Delaware,Accredited
Delaware State University,Baccalaureate,Delaware,Accredited
Delaware State University,Master’s/Post-Master’s Certificate,Delaware,Accredited
Delaware Technical Community College – Jack F. Owens,Associate,Delaware,Accredited
Delaware Technical Community College – Stanton,Associate,Delaware,Accredited
Delaware Technical Community College – Terry,Associate,Delaware,Accredited
Delaware Technical Community College – Terry,Baccalaureate,Delaware,Accredited
Academy for Nursing and Health Occupations,Associate,Florida,Accredited
Ave Maria University,Baccalaureate,Florida,Accredited
Bethesda Health Inc.,Associate,Florida,Accredited
Bethune-Cookman University,Baccalaureate,Florida,Accredited
Broward College,Associate,Florida,Accredited
Cambridge College of Healthcare and Technology – Delray Beach,Associate,Florida,Accredited
Chipola College,Associate,Florida,Accredited
Chipola College,Baccalaureate,Florida,Accredited
City College – Altamonte Springs,Associate,Florida,Accredited
College of Central Florida,Associate,Florida,Accredited
College of Central Florida,Baccalaureate,Florida,Accredited
College of the Florida Keys,Associate,Florida,Accredited
College of the Florida Keys,Baccalaureate,Florida,Accredited
Daytona College,Associate,Florida,Accredited
Daytona State College,Associate,Florida,Accredited
Daytona State College,Baccalaureate,Florida,Accredited
Eastern Florida State College,Associate,Florida,Accredited
Florida Agricultural and Mechanical University,Master’s/Post-Master’s Certificate,Florida,Accredited
Florida Agricultural and Mechanical University,Baccalaureate,Florida,Accredited
Florida Gateway College,Associate,Florida,Accredited
Florida National University – Training Center,Associate,Florida,Accredited
Florida Southwestern State College,Associate,Florida,Accredited
Florida Southwestern State College,Baccalaureate,Florida,Accredited
Florida State College at Jacksonville,Associate,Florida,Accredited
Florida State College at Jacksonville,Baccalaureate,Florida,Accredited
Fortis College – Cutler Bay,Associate,Florida,Accredited
Fortis College – Orange Park,Associate,Florida,Accredited
Fortis Institute – Pensacola,Associate,Florida,Accredited
Fortis Institute – Port Saint Lucie,Associate,Florida,Accredited
FVI School of Nursing and Technology,Associate,Florida,Accredited
Galen College of Nursing – Gainesville,Associate,Florida,Accredited
Galen College of Nursing – Miami,Associate,Florida,Accredited
Galen College of Nursing – Tampa Bay,Associate,Florida,Accredited
Gulf Coast State College,Associate,Florida,Accredited
HCA Florida Mercy Hospital,Associate,Florida,Accredited
Herzing University – Orlando,Associate,Florida,Accredited
Hillsborough Community College,Associate,Florida,Accredited
Hodges University,Baccalaureate,Florida,Accredited
Indian River State College,Baccalaureate,Florida,Accredited
Indian River State College,Associate,Florida,Accredited
International College of Health Sciences,Associate,Florida,Accredited
International College of Health Sciences,Baccalaureate,Florida,Accredited
International College of Health Sciences,Master’s,Florida,Accredited
Jersey College – Fort Lauderdale,Associate,Florida,Accredited
Jersey College – Jacksonville,Associate,Florida,Accredited
Jersey College – Largo,Associate,Florida,Accredited
Jersey College – Port Charlotte,Associate,Florida,Accredited
Jersey College – Tampa,Associate,Florida,Accredited
Keiser University – Clearwater,Associate,Florida,Accredited
Keiser University – Daytona Beach,Associate,Florida,Accredited
Keiser University – Fort Lauderdale,Associate,Florida,Accredited
Keiser University – Jacksonville,Associate,Florida,Accredited
Keiser University – Lakeland,Associate,Florida,Accredited
Keiser University – Melbourne,Associate,Florida,Accredited
Keiser University – Miami,Associate,Florida,Accredited
Keiser University – New Port Richey,Associate,Florida,Accredited
Keiser University – Orlando,Associate,Florida,Accredited
Keiser University – Port St. Lucie,Associate,Florida,Accredited
Keiser University – Sarasota,Associate,Florida,Accredited
Keiser University – Tallahassee,Associate,Florida,Accredited
Keiser University – Tampa,Associate,Florida,Accredited
Keiser University – West Palm Beach,Associate,Florida,Accredited
Lake-Sumter State College,Associate,Florida,Accredited
Lake-Sumter State College,Baccalaureate,Florida,Accredited
Lincoln Memorial University – Tampa,Associate,Florida,Accredited
Lincoln Memorial University – Tampa,Baccalaureate,Florida,Accredited
Miami Dade College,Associate,Florida,Accredited
Miami Dade College,Baccalaureate,Florida,Accredited
Miami Regional University,Master’s/Post-Master’s Certificate,Florida,Accredited
Miami Regional University,Baccalaureate,Florida,Accredited
Miami Regional University,Associate,Florida,Accredited
Nexus University,Master’s,Florida,Accredited
Nexus University,Baccalaureate,Florida,Accredited
North Florida College,Associate,Florida,Accredited
North Florida College,Baccalaureate,Florida,Accredited
Northwest Florida State College,Associate,Florida,Accredited
Palm Beach State College,Associate,Florida,Accredited
Palm Beach State College,Baccalaureate,Florida,Accredited
Pasco-Hernando State College,Associate,Florida,Accredited
Pensacola State College,Associate,Florida,Accredited
Pensacola State College,Baccalaureate,Florida,Accredited
Polk State College,Associate,Florida,Accredited
Polk State College,Baccalaureate,Florida,Accredited
Premiere International College,Associate,Florida,Accredited
Rasmussen University – Central Pasco,Associate,Florida,Accredited
Rasmussen University – Fort Myers,Associate,Florida,Accredited
Rasmussen University – Ocala,Associate,Florida,Accredited
Rasmussen University – Tampa/Brandon,Associate,Florida,Accredited
Saint Petersburg College,Associate,Florida,Accredited
Santa Fe College,Associate,Florida,Accredited
Seminole State College of Florida,Associate,Florida,Accredited
Seminole State College of Florida,Baccalaureate,Florida,Accredited
South Florida College of Nursing,Baccalaureate,Florida,Accredited
South Florida College of Nursing,Associate,Florida,Accredited
South Florida State College,Associate,Florida,Accredited
South Florida State College,Baccalaureate,Florida,Accredited
Southeastern College – Miami Lakes,Associate,Florida,Accredited
Southern Technical College – Fort Myers,Associate,Florida,Accredited
St. Johns River State College,Associate,Florida,Accredited
St. Johns River State College,Baccalaureate,Florida,Accredited
"State College of Florida, Manatee – Sarasota",Associate,Florida,Accredited
"State College of Florida, Manatee – Sarasota",Baccalaureate,Florida,Accredited
Tallahassee Community College,Associate,Florida,Accredited
Tallahassee Community College,Baccalaureate,Florida,Accredited
Taylor College,Associate,Florida,Accredited
Valencia College,Associate,Florida,Accredited
Abraham Baldwin Agricultural College,Associate,Georgia,Accredited
Abraham Baldwin Agricultural College,Baccalaureate,Georgia,Accredited
Albany State University,Baccalaureate,Georgia,Accredited
Albany State University,Master’s/Post-Master’s Certificate,Georgia,Accredited
Albany State University,Associate,Georgia,Accredited
Albany Technical College,Associate,Georgia,Accredited
Athens Technical College,Associate,Georgia,Accredited
Atlanta Technical College,Associate,Georgia,Accredited
Augusta Technical College,Associate,Georgia,Accredited
Central Georgia Technical College,Associate,Georgia,Accredited
Chattahoochee Technical College,Associate,Georgia,Accredited
Coastal Pines Technical College,Associate,Georgia,Accredited
College of Coastal Georgia,Associate,Georgia,Accredited
College of Coastal Georgia,Baccalaureate,Georgia,Accredited
Columbus Technical College,Associate,Georgia,Accredited
Dalton State College,Associate,Georgia,Accredited
Dalton State College,Baccalaureate,Georgia,Accredited
Georgia Highlands College,Associate,Georgia,Accredited
Georgia Highlands College,Baccalaureate,Georgia,Accredited
Georgia Northwestern Technical College,Associate,Georgia,Accredited
Georgia State University,Associate,Georgia,Accredited
Gordon State College,Associate,Georgia,Accredited
Gordon State College,Baccalaureate,Georgia,Accredited
Gwinnett Technical College,Associate,Georgia,Accredited
LaGrange College,Baccalaureate,Georgia,Accredited
Lanier Technical College,Associate,Georgia,Accredited
Middle Georgia State University,Associate,Georgia,Accredited
Middle Georgia State University,Baccalaureate,Georgia,Accredited
Middle Georgia State University,Master’s/Post-Master’s Certificate,Georgia,Accredited
North Georgia Technical College,Associate,Georgia,Accredited
Oconee Fall Line Technical College,Associate,Georgia,Accredited
Piedmont University,Baccalaureate,Georgia,Accredited
South Georgia State College,Associate,Georgia,Accredited
South Georgia State College,Baccalaureate,Georgia,Accredited
Southeastern Technical College,Associate,Georgia,Accredited
Southern Crescent Technical College,Associate,Georgia,Accredited
Southern Regional Technical College,Associate,Georgia,Accredited
Thomas University,Baccalaureate,Georgia,Accredited
Thomas University,Master’s/Post-Master’s Certificate,Georgia,Accredited
University of North Georgia,Baccalaureate,Georgia,Accredited
University of North Georgia,Master’s/Post-Master’s Certificate,Georgia,Accredited
University of North Georgia,Clinical Doctorate,Georgia,Accredited
West Georgia Technical College,Associate,Georgia,Accredited
Wiregrass Georgia Technical College,Associate,Georgia,Accredited
Hawaii Community College,Associate,Hawaii,Accredited
Kapiolani Community College,Associate,Hawaii,Accredited
University of Hawaii – Kauai Community College,Associate,Hawaii,Accredited
University of Hawaii at Hilo,Baccalaureate,Hawaii,Accredited
University of Hawaii Maui College,Associate,Hawaii,Accredited
Carrington College – Boise,Associate,Idaho,Accredited
College of Eastern Idaho,Associate,Idaho,Accredited
College of Southern Idaho,Associate,Idaho,Accredited
College of Western Idaho,Associate,Idaho,Accredited
Idaho State University,Associate,Idaho,Accredited
North Idaho College,Associate,Idaho,Accredited
St. Luke’s Health System,Transition-to-Practice,Idaho,Accredited
Ambria College of Nursing,Associate,Illinois,Accredited
Black Hawk College,Associate,Illinois,Accredited
CAAN Academy of Nursing,Associate,Illinois,Accredited
Carl Sandburg College,Associate,Illinois,Accredited
Chicago State University,Baccalaureate,Illinois,Accredited
City Colleges of Chicago at Malcolm X College,Associate,Illinois,Accredited
College of DuPage,Associate,Illinois,Accredited
College of Lake County,Associate,Illinois,Accredited
Danville Area Community College,Associate,Illinois,Accredited
Elgin Community College,Associate,Illinois,Accredited
Governors State University,Baccalaureate,Illinois,Accredited
Governors State University,Master’s/Post-Master’s Certificate,Illinois,Accredited
Governors State University,Clinical Doctorate,Illinois,Accredited
Graham Hospital Association,Diploma,Illinois,Accredited
Harper College,Associate,Illinois,Accredited
Heartland Community College,Associate,Illinois,Accredited
Highland Community College,Associate,Illinois,Accredited
Illinois Central College,Associate,Illinois,Accredited
Illinois Eastern Community Colleges,Associate,Illinois,Accredited
Illinois Valley Community College,Associate,Illinois,Accredited
John A. Logan College,Associate,Illinois,Accredited
Joliet Junior College,Associate,Illinois,Accredited
Kankakee Community College,Associate,Illinois,Accredited
Kaskaskia College,Associate,Illinois,Accredited
Kishwaukee College,Associate,Illinois,Accredited
Lake Land College,Associate,Illinois,Accredited
Lewis & Clark Community College,Associate,Illinois,Accredited
Lincoln Land Community College,Associate,Illinois,Accredited
McHenry County College,Associate,Illinois,Accredited
Moraine Valley Community College,Associate,Illinois,Accredited
Morton College,Associate,Illinois,Accredited
Oakton Community College,Associate,Illinois,Accredited
Parkland College,Associate,Illinois,Accredited
Prairie State College,Associate,Illinois,Accredited
Rend Lake College,Associate,Illinois,Accredited
Richland Community College,Associate,Illinois,Accredited
Rock Valley College,Associate,Illinois,Accredited
Rockford University,Baccalaureate,Illinois,Accredited
Sauk Valley Community College,Associate,Illinois,Accredited
Shawnee Community College,Associate,Illinois,Accredited
South Suburban College,Associate,Illinois,Accredited
Southeastern Illinois College,Associate,Illinois,Accredited
Southwestern Illinois College,Associate,Illinois,Accredited
St. John’s College,Baccalaureate,Illinois,Accredited
St. John’s College,Master’s,Illinois,Accredited
St. John’s College,Clinical Doctorate,Illinois,Accredited
Triton College,Associate,Illinois,Accredited
Waubonsee Community College,Associate,Illinois,Accredited
Bethel University,Associate,Indiana,Accredited
Bethel University,Baccalaureate,Indiana,Accredited
Bethel University,Master’s,Indiana,Accredited
Franciscan Health Lafayette,Diploma,Indiana,Accredited
Indiana State University,Baccalaureate,Indiana,Accredited
Indiana State University,Master’s/Post-Master’s Certificate,Indiana,Accredited
Indiana State University,Clinical Doctorate,Indiana,Accredited
Indiana University East,Baccalaureate,Indiana,Accredited
Indiana University East,Master’s,Indiana,Accredited
Indiana University Kokomo,Master’s,Indiana,Accredited
Indiana University Northwest,Baccalaureate,Indiana,Accredited
Indiana University Northwest,Master’s,Indiana,Accredited
Jersey College – Fort Wayne,Associate,Indiana,Accredited
Purdue University Northwest,Baccalaureate,Indiana,Accredited
Purdue University Northwest,Master’s/Post-Master’s Certificate,Indiana,Accredited
Purdue University Northwest,Clinical Doctorate,Indiana,Accredited
University of Evansville,Baccalaureate,Indiana,Accredited
University of Saint Francis,Associate,Indiana,Accredited
Vincennes University,Associate,Indiana,Accredited
Vincennes University,Baccalaureate,Indiana,Accredited
Des Moines Area Community College,Associate,Iowa,Accredited
Iowa State University of Science and Technology,Baccalaureate,Iowa,Accredited
Mercy College of Health Sciences,Associate,Iowa,Accredited
North Iowa Area Community College,Associate,Iowa,Accredited
St. Luke’s College,Associate,Iowa,Accredited
Western Iowa Tech Community College,Associate,Iowa,Accredited
Barton County Community College,Associate,Kansas,Accredited
Butler County Community College,Associate,Kansas,Accredited
Cloud County Community College,Associate,Kansas,Accredited
Colby Community College,Associate,Kansas,Accredited
Dodge City Community College,Associate,Kansas,Accredited
Emporia State University,Baccalaureate,Kansas,Accredited
Emporia State University,Master’s,Kansas,Accredited
Fort Scott Community College,Associate,Kansas,Accredited
Garden City Community College,Associate,Kansas,Accredited
Highland Community College,Associate,Kansas,Accredited
Hutchinson Community College,Associate,Kansas,Accredited
Johnson County Community College,Associate,Kansas,Accredited
Kansas City Kansas Community College,Associate,Kansas,Accredited
Labette Community College,Associate,Kansas,Accredited
Manhattan Area Technical College,Associate,Kansas,Accredited
Neosho County Community College,Associate,Kansas,Accredited
North Central Kansas Technical College,Associate,Kansas,Accredited
Rasmussen University – Overland Park,Associate,Kansas,Accredited
Seward County Community College,Associate,Kansas,Accredited
Ashland Community & Technical College,Associate,Kentucky,Accredited
Bluegrass Community & Technical College,Associate,Kentucky,Accredited
Campbellsville University,Baccalaureate,Kentucky,Accredited
Campbellsville University,Master’s,Kentucky,Accredited
Eastern Kentucky University,Associate,Kentucky,Accredited
Elizabethtown Community & Technical College,Associate,Kentucky,Accredited
Frontier Nursing University,Clinical Doctorate,Kentucky,Accredited
Frontier Nursing University,Master’s/Post-Master’s Certificate,Kentucky,Accredited
Galen College of Nursing – Louisville,Associate,Kentucky,Accredited
Galen College of Nursing – Louisville,Master’s,Kentucky,Accredited
Henderson Community College,Associate,Kentucky,Accredited
Hopkinsville Community College,Associate,Kentucky,Accredited
Jefferson Community & Technical College,Associate,Kentucky,Accredited
Kentucky State University,Associate,Kentucky,Accredited
Kentucky State University,Baccalaureate,Kentucky,Accredited
Kentucky State University,Clinical Doctorate,Kentucky,Accredited
Madisonville Community College,Associate,Kentucky,Accredited
Midway University,Associate,Kentucky,Accredited
Midway University,Baccalaureate,Kentucky,Accredited
Midway University,Master’s,Kentucky,Accredited
Morehead State University,Associate,Kentucky,Accredited
Somerset Community College,Associate,Kentucky,Accredited
Southeast Kentucky Community and Technical College,Associate,Kentucky,Accredited
Thomas More University,Baccalaureate,Kentucky,Accredited
University of Pikeville,Baccalaureate,Kentucky,Accredited
University of the Cumberlands,Associate,Kentucky,Accredited
West Kentucky Community and Technical College,Associate,Kentucky,Accredited
Western Kentucky University,Associate,Kentucky,Accredited
Baton Rouge Community College,Associate,Louisiana,Accredited
Baton Rouge General Medical Center,Diploma,Louisiana,Accredited
Bossier Parish Community College,Associate,Louisiana,Accredited
Delgado Community College,Associate,Louisiana,Accredited
Dillard University,Baccalaureate,Louisiana,Accredited
Fletcher Technical Community College,Associate,Louisiana,Accredited
Franciscan Missionaries of Our Lady University,Baccalaureate,Louisiana,Accredited
Franciscan Missionaries of Our Lady University,Master’s/Post-Master’s Certificate,Louisiana,Accredited
Grambling State University,Master’s/Post-Master’s Certificate,Louisiana,Accredited
Louisiana Delta Community College,Associate,Louisiana,Accredited
Louisiana State University at Alexandria,Associate,Louisiana,Accredited
Louisiana State University at Alexandria,Baccalaureate,Louisiana,Accredited
Louisiana State University at Eunice,Associate,Louisiana,Accredited
Louisiana Tech University,Associate,Louisiana,Accredited
Northwestern State University of Louisiana,Associate,Louisiana,Accredited
South Louisiana Community College,Associate,Louisiana,Accredited
Southern University at Shreveport,Associate,Louisiana,Accredited
SOWELA Technical Community College,Associate,Louisiana,Accredited
University of Holy Cross,Baccalaureate,Louisiana,Accredited
Central Maine Community College,Associate,Maine,Accredited
Eastern Maine Community College,Associate,Maine,Accredited
Kennebec Valley Community College,Associate,Maine,Accredited
Maine College of Health Professions,Associate,Maine,Accredited
Northern Maine Community College,Associate,Maine,Accredited
Southern Maine Community College,Associate,Maine,Accredited
University of Maine at Augusta,Baccalaureate,Maine,Accredited
University of New England,Baccalaureate,Maine,Accredited
Allegany College of Maryland,Associate,Maryland,Accredited
Anne Arundel Community College,Associate,Maryland,Accredited
Baltimore City Community College,Associate,Maryland,Accredited
Bowie State University,Master’s/Post-Master’s Certificate,Maryland,Accredited
Bowie State University,Baccalaureate,Maryland,Accredited
Cecil College,Associate,Maryland,Accredited
Chesapeake College,Associate,Maryland,Accredited
College of Southern Maryland,Associate,Maryland,Accredited
"Community College of Baltimore County, The",Associate,Maryland,Accredited
Frederick Community College,Associate,Maryland,Accredited
Hagerstown Community College,Associate,Maryland,Accredited
Harford Community College,Associate,Maryland,Accredited
Howard Community College,Associate,Maryland,Accredited
Montgomery College – Takoma Park/Silver Spring Campus,Associate,Maryland,Accredited
Prince George’s Community College,Associate,Maryland,Accredited
Anna Maria College,Baccalaureate,Massachusetts,Accredited
Berkshire Community College,Associate,Massachusetts,Accredited
Bristol Community College,Associate,Massachusetts,Accredited
Bunker Hill Community College,Associate,Massachusetts,Accredited
Cape Cod Community College,Associate,Massachusetts,Accredited
Endicott College,Master’s/Post-Master’s Certificate,Massachusetts,Accredited
Greenfield Community College,Associate,Massachusetts,Accredited
Holyoke Community College,Associate,Massachusetts,Accredited
Laboure College,Associate,Massachusetts,Accredited
Lawrence Memorial/Regis College Collaborative,Associate,Massachusetts,Accredited
Massachusetts Bay Community College,Associate,Massachusetts,Accredited
Massasoit Community College,Associate,Massachusetts,Accredited
Middlesex Community College,Associate,Massachusetts,Accredited
Mount Wachusett Community College,Associate,Massachusetts,Accredited
North Shore Community College,Associate,Massachusetts,Accredited
Northern Essex Community College,Associate,Massachusetts,Accredited
Quinsigamond Community College,Associate,Massachusetts,Accredited
Regis College,Baccalaureate,Massachusetts,Accredited
Regis College,Master’s/Post-Master’s Certificate,Massachusetts,Accredited
Regis College,Clinical Doctorate,Massachusetts,Accredited
Signature Healthcare/Brockton Hospital Inc.,Diploma,Massachusetts,Accredited
Springfield Technical Community College,Associate,Massachusetts,Accredited
Alpena Community College,Associate,Michigan,Accredited
Andrews University,Baccalaureate,Michigan,Accredited
Andrews University,Clinical Doctorate,Michigan,Accredited
Bay de Noc Community College,Associate,Michigan,Accredited
Delta College,Associate,Michigan,Accredited
Glen Oaks Community College,Associate,Michigan,Accredited
Grand Rapids Community College,Associate,Michigan,Accredited
Henry Ford College,Associate,Michigan,Accredited
Kalamazoo Valley Community College,Associate,Michigan,Accredited
Kellogg Community College,Associate,Michigan,Accredited
Lake Michigan College,Associate,Michigan,Accredited
Lansing Community College,Associate,Michigan,Accredited
Macomb Community College,Associate,Michigan,Accredited
Monroe County Community College,Associate,Michigan,Accredited
Mott Community College,Associate,Michigan,Accredited
Muskegon Community College,Associate,Michigan,Accredited
North Central Michigan College,Associate,Michigan,Accredited
Northwestern Michigan College,Associate,Michigan,Accredited
Oakland Community College,Associate,Michigan,Accredited
Schoolcraft College,Associate,Michigan,Accredited
Southwestern Michigan College,Associate,Michigan,Accredited
St. Clair County Community College,Associate,Michigan,Accredited
Washtenaw Community College,Associate,Michigan,Accredited
Wayne County Community College District,Associate,Michigan,Accredited
Anoka-Ramsey Community College,Associate,Minnesota,Accredited
Century College,Associate,Minnesota,Accredited
Fond du Lac Tribal and Community College,Associate,Minnesota,Accredited
Inver Hills Community College,Associate,Minnesota,Accredited
Lake Superior College,Associate,Minnesota,Accredited
Minneapolis Community & Technical College,Associate,Minnesota,Accredited
Minnesota North College,Associate,Minnesota,Accredited
Minnesota State College Southeast,Associate,Minnesota,Accredited
Minnesota West Community & Technical College,Associate,Minnesota,Accredited
Normandale Community College,Associate,Minnesota,Accredited
North Hennepin Community College,Associate,Minnesota,Accredited
Northland Community and Technical College,Associate,Minnesota,Accredited
Northwest Technical College,Associate,Minnesota,Accredited
Rasmussen University – Bloomington,Associate,Minnesota,Accredited
Rasmussen University – Mankato,Associate,Minnesota,Accredited
Rasmussen University – Moorhead,Associate,Minnesota,Accredited
Rasmussen University – St. Cloud,Associate,Minnesota,Accredited
Ridgewater College,Associate,Minnesota,Accredited
Riverland Community College,Associate,Minnesota,Accredited
Rochester Community & Technical College,Associate,Minnesota,Accredited
South Central College,Associate,Minnesota,Accredited
St. Catherine University,Baccalaureate,Minnesota,Accredited
St. Catherine University,Master’s/Post-Master’s Certificate,Minnesota,Accredited
St. Catherine University,Clinical Doctorate,Minnesota,Accredited
Alcorn State University,Associate,Mississippi,Accredited
Alcorn State University,Baccalaureate,Mississippi,Accredited
Alcorn State University,Master’s/Post-Master’s Certificate,Mississippi,Accredited
Alcorn State University,Clinical Doctorate,Mississippi,Accredited
Coahoma Community College,Associate,Mississippi,Accredited
Copiah-Lincoln Community College,Associate,Mississippi,Accredited
East Central Community College,Associate,Mississippi,Accredited
East Mississippi Community College,Associate,Mississippi,Accredited
Hinds Community College,Associate,Mississippi,Accredited
Holmes Community College,Associate,Mississippi,Accredited
Itawamba Community College,Associate,Mississippi,Accredited
Jones County Junior College,Associate,Mississippi,Accredited
Meridian Community College,Associate,Mississippi,Accredited
Mississippi Delta Community College,Associate,Mississippi,Accredited
Mississippi Gulf Coast Community College,Associate,Mississippi,Accredited
Mississippi University for Women,Associate,Mississippi,Accredited
Northeast Mississippi Community College,Associate,Mississippi,Accredited
Northwest Mississippi Community College,Associate,Mississippi,Accredited
Pearl River Community College,Associate,Mississippi,Accredited
Southwest Mississippi Community College,Associate,Mississippi,Accredited
Columbia College,Associate,Missouri,Accredited
Cox College,Associate,Missouri,Accredited
Crowder College,Associate,Missouri,Accredited
Hannibal-LaGrange University,Associate,Missouri,Accredited
Lincoln University,Associate,Missouri,Accredited
Lincoln University,Baccalaureate,Missouri,Accredited
Metropolitan Community College – Penn Valley,Associate,Missouri,Accredited
Missouri Southern State University,Baccalaureate,Missouri,Accredited
Missouri State University – West Plains,Associate,Missouri,Accredited
Ozarks Technical Community College,Associate,Missouri,Accredited
Saint Charles Community College,Associate,Missouri,Accredited
Southeast Missouri Hospital College of Nursing and Health Sciences,Associate,Missouri,Accredited
Southwest Baptist University,Associate,Missouri,Accredited
Southwest Baptist University,Baccalaureate,Missouri,Accredited
Southwest Baptist University,Master’s,Missouri,Accredited
St. Louis Community College,Associate,Missouri,Accredited
Three Rivers College,Associate,Missouri,Accredited
Webster University,Baccalaureate,Missouri,Accredited
Webster University,Master’s,Missouri,Accredited
Helena College – University of Montana,Associate,Montana,Accredited
Miles Community College,Associate,Montana,Accredited
Missoula College – University of Montana,Associate,Montana,Accredited
Montana State University-Northern,Associate,Montana,Accredited
Montana State University-Northern,Baccalaureate,Montana,Accredited
Salish Kootenai College,Baccalaureate,Montana,Accredited
Bryan College of Health Sciences,Baccalaureate,Nebraska,Accredited
Bryan College of Health Sciences,Master’s/Post-Master’s Certificate,Nebraska,Accredited
Central Community College,Associate,Nebraska,Accredited
Clarkson College,Baccalaureate,Nebraska,Accredited
Clarkson College,Master’s/Post-Master’s Certificate,Nebraska,Accredited
Clarkson College,Clinical Doctorate,Nebraska,Accredited
College of Saint Mary,Baccalaureate,Nebraska,Accredited
Metropolitan Community College,Associate,Nebraska,Accredited
Mid-Plains Community College,Associate,Nebraska,Accredited
Midland University,Baccalaureate,Nebraska,Accredited
Northeast Community College,Associate,Nebraska,Accredited
Southeast Community College,Associate,Nebraska,Accredited
Western Nebraska Community College,Associate,Nebraska,Accredited
Carrington College – Reno,Associate,Nevada,Accredited
College of Southern Nevada,Associate,Nevada,Accredited
College of Southern Nevada,Baccalaureate,Nevada,Accredited
Great Basin College,Associate,Nevada,Accredited
Great Basin College,Baccalaureate,Nevada,Accredited
Las Vegas College,Associate,Nevada,Accredited
Truckee Meadows Community College,Associate,Nevada,Accredited
Western Nevada College,Associate,Nevada,Accredited
Franklin Pierce University,Baccalaureate,New Hampshire,Accredited
Franklin Pierce University,Master’s/Post-Master’s Certificate,New Hampshire,Accredited
Great Bay Community College,Associate,New Hampshire,Accredited
Lakes Region Community College,Associate,New Hampshire,Accredited
Manchester Community College,Associate,New Hampshire,Accredited
Nashua Community College,Associate,New Hampshire,Accredited
NHTI Concord’s Community College,Associate,New Hampshire,Accredited
River Valley Community College,Associate,New Hampshire,Accredited
Rivier University,Associate,New Hampshire,Accredited
Rivier University,Baccalaureate,New Hampshire,Accredited
Rivier University,Master’s/Post-Master’s Certificate,New Hampshire,Accredited
Rivier University,Clinical Doctorate,New Hampshire,Accredited
St. Joseph School of Nursing,Associate,New Hampshire,Accredited
White Mountains Community College,Associate,New Hampshire,Accredited
Atlantic Cape Community College,Associate,New Jersey,Accredited
Bergen Community College,Associate,New Jersey,Accredited
Best Care College,Associate,New Jersey,Accredited
Brookdale Community College,Associate,New Jersey,Accredited
Capital Health,Diploma,New Jersey,Accredited
County College of Morris,Associate,New Jersey,Accredited
Eastern International College,Associate,New Jersey,Accredited
Essex County College,Associate,New Jersey,Accredited
"Hackensack Meridian Health, Inc.",Diploma,New Jersey,Accredited
Holy Name Medical Center,Diploma,New Jersey,Accredited
Hudson County Community College,Associate,New Jersey,Accredited
Jersey College – Ewing,Associate,New Jersey,Accredited
Jersey College – Teterboro,Associate,New Jersey,Accredited
Kean University,Master’s,New Jersey,Accredited
Kean University,Baccalaureate,New Jersey,Accredited
Mercer County Community College,Associate,New Jersey,Accredited
Middlesex College,Associate,New Jersey,Accredited
Ocean County College,Associate,New Jersey,Accredited
Our Lady of Lourdes School of Nursing/Camden County College,Diploma,New Jersey,Accredited
Passaic County Community College,Associate,New Jersey,Accredited
Ramapo College of New Jersey,Baccalaureate,New Jersey,Accredited
Ramapo College of New Jersey,Master’s/Post-Master’s Certificate,New Jersey,Accredited
Raritan Valley Community College,Associate,New Jersey,Accredited
Rowan College at Burlington County,Associate,New Jersey,Accredited
Rowan College at South Jersey,Associate,New Jersey,Accredited
Saint Elizabeth University,Master’s/Post-Master’s Certificate,New Jersey,Accredited
Saint Elizabeth University,Baccalaureate,New Jersey,Accredited
Salem Community College,Associate,New Jersey,Accredited
Trinitas School of Nursing/Union County College,Diploma,New Jersey,Accredited
Warren County Community College,Associate,New Jersey,Accredited
Carrington College – Albuquerque,Associate,New Mexico,Accredited
Central New Mexico Community College,Associate,New Mexico,Accredited
Clovis Community College,Associate,New Mexico,Accredited
Eastern New Mexico University,Baccalaureate,New Mexico,Accredited
Eastern New Mexico University,Master’s,New Mexico,Accredited
Eastern New Mexico University – Roswell,Associate,New Mexico,Accredited
Luna Community College,Associate,New Mexico,Accredited
New Mexico Junior College,Associate,New Mexico,Accredited
NMSU-Dona Ana Community College,Associate,New Mexico,Accredited
Northern New Mexico College,Associate,New Mexico,Accredited
San Juan College,Associate,New Mexico,Accredited
Santa Fe Community College,Associate,New Mexico,Accredited
Southeast New Mexico College,Associate,New Mexico,Accredited
University of New Mexico – Gallup,Associate,New Mexico,Accredited
University of New Mexico – Taos,Associate,New Mexico,Accredited
University of New Mexico – Valencia,Associate,New Mexico,Accredited
"Alfred State College, SUNY College of Technology",Associate,New York,Accredited
"Alfred State College, SUNY College of Technology",Baccalaureate,New York,Accredited
Arnot Ogden Medical Center,Associate,New York,Accredited
Borough of Manhattan Community College – CUNY,Associate,New York,Accredited
Bronx Community College – CUNY,Associate,New York,Accredited
Cayuga Community College,Associate,New York,Accredited
College of Staten Island – CUNY,Associate,New York,Accredited
College of Staten Island – CUNY,Master’s/Post-Master’s Certificate,New York,Accredited
College of Staten Island – CUNY,Baccalaureate,New York,Accredited
College of Staten Island – CUNY,Clinical Doctorate,New York,Accredited
Columbia-Greene Community College,Associate,New York,Accredited
Daemen University,Baccalaureate,New York,Accredited
Daemen University,Master’s/Post-Master’s Certificate,New York,Accredited
Dutchess Community College,Associate,New York,Accredited
Ellis Medicine,Associate,New York,Accredited
Elmira College,Baccalaureate,New York,Accredited
Erie Community College,Associate,New York,Accredited
Excelsior University,Baccalaureate,New York,Accredited
Excelsior University,Master’s,New York,Accredited
Finger Lakes Community College,Associate,New York,Accredited
Finger Lakes Health – Geneva General,Associate,New York,Accredited
Fulton-Montgomery Community College,Associate,New York,Accredited
Genesee Community College,Associate,New York,Accredited
Helene Fuld College of Nursing,Associate,New York,Accredited
Hudson Valley Community College,Associate,New York,Accredited
Jamestown Community College,Associate,New York,Accredited
Jefferson Community College,Associate,New York,Accredited
Kingsborough Community College of the City University of New York,Associate,New York,Accredited
LaGuardia Community College-CUNY,Associate,New York,Accredited
Maria College,Associate,New York,Accredited
Maria College,Baccalaureate,New York,Accredited
Medgar Evers College-CUNY,Associate,New York,Accredited
Medgar Evers College-CUNY,Baccalaureate,New York,Accredited
Mohawk Valley Community College,Associate,New York,Accredited
Monroe College,Associate,New York,Accredited
Monroe College,Baccalaureate,New York,Accredited
Monroe Community College,Associate,New York,Accredited
Montefiore New Rochelle Hospital,Associate,New York,Accredited
Nassau Community College,Associate,New York,Accredited
New York City College of Technology,Baccalaureate,New York,Accredited
New York City College of Technology,Associate,New York,Accredited
Niagara County Community College,Associate,New York,Accredited
Onondaga Community College,Associate,New York,Accredited
Orange County Community College,Associate,New York,Accredited
Pacific College of Health and Science – New York,Baccalaureate,New York,Accredited
Pomeroy College of Nursing at Crouse Hospital,Associate,New York,Accredited
Queensborough Community College of CUNY,Associate,New York,Accredited
Rockland Community College,Associate,New York,Accredited
St. Elizabeth Medical Center,Associate,New York,Accredited
St. John’s Riverside Hospital,Associate,New York,Accredited
St. Joseph’s College New York,Baccalaureate,New York,Accredited
St. Joseph’s College New York,Master’s,New York,Accredited
St. Joseph’s College of Nursing,Associate,New York,Accredited
St. Peter’s Health Partners – Samaritan Hospital,Associate,New York,Accredited
St. Peter’s Health Partners – St. Peter’s Hospital,Associate,New York,Accredited
Suffolk County Community College,Associate,New York,Accredited
SUNY Adirondack Community College,Associate,New York,Accredited
SUNY Broome Community College,Associate,New York,Accredited
SUNY College of Agriculture and Technology at Morrisville,Associate,New York,Accredited
SUNY College of Agriculture and Technology at Morrisville,Baccalaureate,New York,Accredited
SUNY College of Technology at Canton,Associate,New York,Accredited
SUNY College of Technology at Canton,Baccalaureate,New York,Accredited
SUNY College of Technology at Delhi,Associate,New York,Accredited
SUNY College of Technology at Delhi,Baccalaureate,New York,Accredited
SUNY Corning Community College,Associate,New York,Accredited
Tompkins Cortland Community College,Associate,New York,Accredited
Trocaire College,Associate,New York,Accredited
Trocaire College,Baccalaureate,New York,Accredited
Ulster County Community College,Associate,New York,Accredited
Wagner College,Master’s/Post-Master’s Certificate,New York,Accredited
Wagner College,Baccalaureate,New York,Accredited
Westchester Community College,Associate,New York,Accredited
York College of CUNY,Baccalaureate,New York,Accredited
Brunswick Community College,Associate,North Carolina,Accredited
Cabarrus College of Health Sciences,Associate,North Carolina,Accredited
Caldwell Community College and Technical Institute,Associate,North Carolina,Accredited
Cape Fear Community College,Associate,North Carolina,Accredited
Carolinas College of Health Sciences,Associate,North Carolina,Accredited
Carteret Community College,Associate,North Carolina,Accredited
Catawba Valley Community College,Associate,North Carolina,Accredited
Central Piedmont Community College,Associate,North Carolina,Accredited
Cleveland Community College,Associate,North Carolina,Accredited
Coastal Carolina Community College,Associate,North Carolina,Accredited
College of the Albemarle,Associate,North Carolina,Accredited
Davidson-Davie Community College,Associate,North Carolina,Accredited
Duke Regional Hospital,Baccalaureate,North Carolina,Accredited
Durham Technical Community College,Associate,North Carolina,Accredited
Edgecombe Community College,Associate,North Carolina,Accredited
Fayetteville Technical Community College,Associate,North Carolina,Accredited
Gardner-Webb University,Associate,North Carolina,Accredited
Gardner-Webb University,Baccalaureate,North Carolina,Accredited
Gardner-Webb University,Master’s/Post-Master’s Certificate,North Carolina,Accredited
Gardner-Webb University,Clinical Doctorate,North Carolina,Accredited
Gaston College,Associate,North Carolina,Accredited
Johnston Community College,Associate,North Carolina,Accredited
Mitchell Community College,Associate,North Carolina,Accredited
North Carolina Agricultural & Technical State University,Baccalaureate,North Carolina,Accredited
North Carolina Central University,Baccalaureate,North Carolina,Accredited
Rowan-Cabarrus Community College,Associate,North Carolina,Accredited
Sampson Community College,Associate,North Carolina,Accredited
Wake Technical Community College,Associate,North Carolina,Accredited
Wayne Community College,Associate,North Carolina,Accredited
Western Piedmont Community College,Associate,North Carolina,Accredited
Wingate University,Baccalaureate,North Carolina,Accredited
Bismarck State College,Associate,North Dakota,Accredited
Dickinson State University,Baccalaureate,North Dakota,Accredited
Lake Region State College,Associate,North Dakota,Accredited
North Dakota State College of Science,Associate,North Dakota,Accredited
Aultman College of Nursing and Health Sciences,Associate,Ohio,Accredited
Bryant & Stratton College – Akron,Associate,Ohio,Accredited
Bryant & Stratton College – Solon/Parma,Associate,Ohio,Accredited
Central Ohio Technical College,Associate,Ohio,Accredited
Cincinnati State Technical and Community College,Associate,Ohio,Accredited
Clark State Community College,Associate,Ohio,Accredited
Columbus State Community College,Associate,Ohio,Accredited
Cuyahoga Community College,Associate,Ohio,Accredited
Edison State Community College,Associate,Ohio,Accredited
Firelands Regional Health System,Diploma,Ohio,Accredited
Fortis College – Centerville,Associate,Ohio,Accredited
Galen College of Nursing – Cincinnati,Associate,Ohio,Accredited
Good Samaritan College of Nursing & Health Science,Associate,Ohio,Accredited
Good Samaritan College of Nursing & Health Science,Baccalaureate,Ohio,Accredited
Herzing University – Akron,Associate,Ohio,Accredited
Hocking College,Associate,Ohio,Accredited
James A. Rhodes State College,Associate,Ohio,Accredited
Kent State University,Associate,Ohio,Accredited
Kettering College,Baccalaureate,Ohio,Accredited
Lakeland Community College,Associate,Ohio,Accredited
Lorain County Community College,Associate,Ohio,Accredited
Marion Technical College,Associate,Ohio,Accredited
Mercy College of Ohio,Associate,Ohio,Accredited
North Central State College,Associate,Ohio,Accredited
Northwest State Community College,Associate,Ohio,Accredited
Ohio University,Associate,Ohio,Accredited
Owens Community College,Associate,Ohio,Accredited
Shawnee State University,Associate,Ohio,Accredited
Shawnee State University,Baccalaureate,Ohio,Accredited
Sinclair Community College,Associate,Ohio,Accredited
Southern State Community College,Associate,Ohio,Accredited
Stark State College,Associate,Ohio,Accredited
Terra State Community College,Associate,Ohio,Accredited
Trinity Health System,Diploma,Ohio,Accredited
University of Cincinnati – Blue Ash College,Associate,Ohio,Accredited
University of Rio Grande,Associate,Ohio,Accredited
University of Rio Grande,Baccalaureate,Ohio,Accredited
Youngstown State University,Baccalaureate,Ohio,Accredited
Carl Albert State College,Associate,Oklahoma,Accredited
Connors State College,Associate,Oklahoma,Accredited
East Central University,Baccalaureate,Oklahoma,Accredited
Eastern Oklahoma State College,Associate,Oklahoma,Accredited
Langston University,Baccalaureate,Oklahoma,Accredited
Murray State College,Associate,Oklahoma,Accredited
Northeastern Oklahoma A&M College,Associate,Oklahoma,Accredited
Northeastern State University,Baccalaureate,Oklahoma,Accredited
Northeastern State University,Master’s,Oklahoma,Accredited
Northern Oklahoma College,Associate,Oklahoma,Accredited
Northwestern Oklahoma State University,Baccalaureate,Oklahoma,Accredited
Oklahoma City Community College,Associate,Oklahoma,Accredited
Oklahoma City University,Master’s/Post-Master’s Certificate,Oklahoma,Accredited
Oklahoma City University,Baccalaureate,Oklahoma,Accredited
Oklahoma City University,Clinical Doctorate,Oklahoma,Accredited
Oklahoma Panhandle State University,Baccalaureate,Oklahoma,Accredited
Oklahoma State University Institute of Technology-Okmulgee,Associate,Oklahoma,Accredited
Oklahoma State University-Oklahoma City,Associate,Oklahoma,Accredited
Redlands Community College,Associate,Oklahoma,Accredited
Rogers State University,Baccalaureate,Oklahoma,Accredited
Rose State College,Associate,Oklahoma,Accredited
Seminole State College,Associate,Oklahoma,Accredited
Southwestern Oklahoma State University,Baccalaureate,Oklahoma,Accredited
Southwestern Oklahoma State University,Master’s,Oklahoma,Accredited
Tulsa Community College,Associate,Oklahoma,Accredited
University of Tulsa,Baccalaureate,Oklahoma,Accredited
University of Tulsa,Clinical Doctorate/DNPSC,Oklahoma,Accredited
Central Oregon Community College,Associate,Oregon,Accredited
Chemeketa Community College,Associate,Oregon,Accredited
Portland Community College,Associate,Oregon,Accredited
Treasure Valley Community College,Associate,Oregon,Accredited
Alle-Kiski Medical Center,Diploma,Pennsylvania,Accredited
Bucks County Community College,Associate,Pennsylvania,Accredited
Butler County Community College,Associate,Pennsylvania,Accredited
Cedar Crest College,Baccalaureate,Pennsylvania,Accredited
Cedar Crest College,Master’s/Post-Master’s Certificate,Pennsylvania,Accredited
Commonwealth University of Pennsylvania,Associate,Pennsylvania,Accredited
Commonwealth University of Pennsylvania,Baccalaureate,Pennsylvania,Accredited
Community College of Allegheny County,Associate,Pennsylvania,Accredited
Community College of Beaver County,Associate,Pennsylvania,Accredited
Community College of Philadelphia,Associate,Pennsylvania,Accredited
Conemaugh Memorial Medical Center,Diploma,Pennsylvania,Accredited
Delaware County Community College,Associate,Pennsylvania,Accredited
East Stroudsburg University of Pennsylvania,Baccalaureate,Pennsylvania,Accredited
Grove City College,Baccalaureate,Pennsylvania,Accredited
Harcum College,Associate,Pennsylvania,Accredited
Harrisburg Area Community College,Associate,Pennsylvania,Accredited
Heritage Valley Health System School of Nursing,Diploma,Pennsylvania,Accredited
La Roche University,Baccalaureate,Pennsylvania,Accredited
La Roche University,Master’s,Pennsylvania,Accredited
Lehigh Carbon Community College,Associate,Pennsylvania,Accredited
Lehigh Valley Health Network,Diploma,Pennsylvania,Accredited
Luzerne County Community College,Associate,Pennsylvania,Accredited
Montgomery County Community College,Associate,Pennsylvania,Accredited
Mount Aloysius College,Associate,Pennsylvania,Accredited
Mount Aloysius College,Baccalaureate,Pennsylvania,Accredited
Neumann University,Baccalaureate,Pennsylvania,Accredited
Neumann University,Master’s/Post-Master’s Certificate,Pennsylvania,Accredited
Northampton Community College,Associate,Pennsylvania,Accredited
Pennsylvania College of Health Sciences,Associate,Pennsylvania,Accredited
Pennsylvania College of Technology,Associate,Pennsylvania,Accredited
Pennsylvania College of Technology,Baccalaureate,Pennsylvania,Accredited
Pennsylvania Western University,Associate,Pennsylvania,Accredited
Pennsylvania Western University,Baccalaureate,Pennsylvania,Accredited
Pennsylvania Western University,Master’s/Post-Master’s Certificate,Pennsylvania,Accredited
Reading Area Community College,Associate,Pennsylvania,Accredited
Reading Hospital,Diploma,Pennsylvania,Accredited
Roxborough Memorial Hospital,Diploma,Pennsylvania,Accredited
Saint Luke’s Hospital of Bethlehem,Diploma,Pennsylvania,Accredited
Sharon Regional Medical Center,Diploma,Pennsylvania,Accredited
University of Pittsburgh at Bradford,Associate,Pennsylvania,Accredited
University of Pittsburgh at Bradford,Baccalaureate,Pennsylvania,Accredited
UPMC Jameson,Diploma,Pennsylvania,Accredited
UPMC Mercy,Diploma,Pennsylvania,Accredited
UPMC Presbyterian Shadyside,Diploma,Pennsylvania,Accredited
UPMC St. Margaret,Diploma,Pennsylvania,Accredited
Washington Health System – Washington Hospital,Diploma,Pennsylvania,Accredited
Western Pennsylvania Hospital,Diploma,Pennsylvania,Accredited
Westmoreland County Community College,Associate,Pennsylvania,Accredited
Atenas College,Associate,Puerto Rico,Accredited
Atenas College,Baccalaureate,Puerto Rico,Accredited
Colegio Universitario de San Juan,Associate,Puerto Rico,Accredited
Columbia Central University,Baccalaureate,Puerto Rico,Accredited
EDP University of Puerto Rico,Associate,Puerto Rico,Accredited
EDP University of Puerto Rico,Baccalaureate,Puerto Rico,Accredited
Inter American University of Puerto Rico – Aguadilla Campus,Baccalaureate,Puerto Rico,Accredited
Inter American University of Puerto Rico – Aguadilla Campus,Associate,Puerto Rico,Accredited
Inter American University of Puerto Rico – Arecibo Campus,Baccalaureate,Puerto Rico,Accredited
Inter American University of Puerto Rico – Metropolitan Campus,Baccalaureate,Puerto Rico,Accredited
Inter American University of Puerto Rico – Metropolitan Campus,Associate,Puerto Rico,Accredited
NUC University,Baccalaureate,Puerto Rico,Accredited
NUC University,Associate,Puerto Rico,Accredited
Pontificia Universidad Catolica de Puerto Rico,Baccalaureate,Puerto Rico,Accredited
Pontificia Universidad Catolica de Puerto Rico,Master’s,Puerto Rico,Accredited
Universidad Ana G. Mendez – Carolina Campus,Associate,Puerto Rico,Accredited
Universidad Ana G. Mendez – Carolina Campus,Baccalaureate,Puerto Rico,Accredited
Universidad Ana G. Mendez – Cupey Campus,Associate,Puerto Rico,Accredited
Universidad Ana G. Mendez – Cupey Campus,Baccalaureate,Puerto Rico,Accredited
Universidad Ana G. Mendez – Cupey Campus,Master’s,Puerto Rico,Accredited
Universidad de Puerto Rico en Arecibo,Associate,Puerto Rico,Accredited
Universidad de Puerto Rico en Arecibo,Baccalaureate,Puerto Rico,Accredited
Universidad de Puerto Rico en Humacao,Baccalaureate,Puerto Rico,Accredited
University of Puerto Rico at Mayaguez,Baccalaureate,Puerto Rico,Accredited
Community College of Rhode Island,Associate,Rhode Island,Accredited
New England Institute of Technology,Associate,Rhode Island,Accredited
New England Institute of Technology,Baccalaureate,Rhode Island,Accredited
New England Institute of Technology,Master’s,Rhode Island,Accredited
Aiken Technical College,Associate,South Carolina,Accredited
Central Carolina Technical College,Associate,South Carolina,Accredited
Charleston Southern University,Baccalaureate,South Carolina,Accredited
Charleston Southern University,Master’s/Post-Master’s Certificate,South Carolina,Accredited
Coastal Carolina University,Baccalaureate,South Carolina,Accredited
Florence-Darlington Technical College,Associate,South Carolina,Accredited
Galen College of Nursing – Myrtle Beach,Associate,South Carolina,Accredited
Greenville Technical College,Associate,South Carolina,Accredited
Horry-Georgetown Technical College,Associate,South Carolina,Accredited
Midlands Technical College,Associate,South Carolina,Accredited
Orangeburg-Calhoun Technical College,Associate,South Carolina,Accredited
Piedmont Technical College,Associate,South Carolina,Accredited
Spartanburg Community College,Associate,South Carolina,Accredited
Technical College of the Lowcountry,Associate,South Carolina,Accredited
Tri-County Technical College,Associate,South Carolina,Accredited
Trident Technical College,Associate,South Carolina,Accredited
York Technical College,Associate,South Carolina,Accredited
Lake Area Technical College,Associate,South Dakota,Accredited
Southeast Technical College,Associate,South Dakota,Accredited
Austin Peay State University,Master’s,Tennessee,Accredited
Chattanooga State Community College,Associate,Tennessee,Accredited
Cleveland State Community College,Associate,Tennessee,Accredited
Columbia State Community College,Associate,Tennessee,Accredited
Dyersburg State Community College,Associate,Tennessee,Accredited
Fortis Institute – Cookeville,Associate,Tennessee,Accredited
Fortis Institute – Nashville,Associate,Tennessee,Accredited
Galen College of Nursing – Nashville,Associate,Tennessee,Accredited
Jackson State Community College,Associate,Tennessee,Accredited
Lincoln Memorial University,Associate,Tennessee,Accredited
Lincoln Memorial University,Baccalaureate,Tennessee,Accredited
Lincoln Memorial University,Master’s/Post-Master’s Certificate,Tennessee,Accredited
Lincoln Memorial University,Clinical Doctorate,Tennessee,Accredited
Lipscomb University,Baccalaureate,Tennessee,Accredited
Motlow State Community College,Associate,Tennessee,Accredited
Nashville State Community College,Associate,Tennessee,Accredited
Northeast State Community College,Associate,Tennessee,Accredited
Pellissippi State Community College,Associate,Tennessee,Accredited
Roane State Community College,Associate,Tennessee,Accredited
Southern Adventist University,Associate,Tennessee,Accredited
Southern Adventist University,Baccalaureate,Tennessee,Accredited
Southern Adventist University,Master’s/Post-Master’s Certificate,Tennessee,Accredited
Southern Adventist University,Clinical Doctorate,Tennessee,Accredited
Southwest Tennessee Community College,Associate,Tennessee,Accredited
Tennessee State University,Baccalaureate,Tennessee,Accredited
Tennessee State University,Master’s/Post-Master’s Certificate,Tennessee,Accredited
University of Tennessee at Martin,Baccalaureate,Tennessee,Accredited
Volunteer State Community College,Associate,Tennessee,Accredited
Walters State Community College,Associate,Tennessee,Accredited
Alvin Community College,Associate,Texas,Accredited
Amarillo College,Associate,Texas,Accredited
Austin Community College,Associate,Texas,Accredited
Austin Community College,Baccalaureate,Texas,Accredited
Baptist Health System School of Health Professions,Associate,Texas,Accredited
Baptist Health System School of Health Professions,Baccalaureate,Texas,Accredited
Blinn College,Associate,Texas,Accredited
Central Texas College,Associate,Texas,Accredited
College of the Mainland,Associate,Texas,Accredited
Collin County Community College District,Associate,Texas,Accredited
Collin County Community College District,Baccalaureate,Texas,Accredited
Covenant Medical Center,Diploma,Texas,Accredited
Dallas College,Associate,Texas,Accredited
Del Mar College,Associate,Texas,Accredited
El Paso Community College,Associate,Texas,Accredited
Galen College of Nursing – San Antonio,Associate,Texas,Accredited
Galveston College,Associate,Texas,Accredited
Grayson College,Associate,Texas,Accredited
Grayson College,Baccalaureate,Texas,Accredited
Houston Christian University,Baccalaureate,Texas,Accredited
Howard College,Associate,Texas,Accredited
Kilgore College,Associate,Texas,Accredited
Lamar University,Master’s,Texas,Accredited
Lamar University,Baccalaureate,Texas,Accredited
Laredo College,Associate,Texas,Accredited
Laredo College,Baccalaureate,Texas,Accredited
Lee College,Associate,Texas,Accredited
Lone Star College – Cy Fair,Associate,Texas,Accredited
Lone Star College – Kingwood,Associate,Texas,Accredited
Lone Star College – Montgomery,Associate,Texas,Accredited
Lone Star College – North Harris,Associate,Texas,Accredited
Lone Star College – The Woodlands,Baccalaureate,Texas,Accredited
Lone Star College – Tomball,Associate,Texas,Accredited
Lubbock Christian University,Baccalaureate,Texas,Accredited
Lubbock Christian University,Master’s,Texas,Accredited
McLennan Community College,Associate,Texas,Accredited
Navarro College,Associate,Texas,Accredited
North Central Texas College,Associate,Texas,Accredited
Odessa College,Associate,Texas,Accredited
Panola College,Associate,Texas,Accredited
Paris Junior College,Associate,Texas,Accredited
Prairie View A&M University,Baccalaureate,Texas,Accredited
Prairie View A&M University,Master’s/Post-Master’s Certificate,Texas,Accredited
San Antonio College,Associate,Texas,Accredited
San Antonio College,Baccalaureate,Texas,Accredited
San Jacinto College – Central Campus,Associate,Texas,Accredited
San Jacinto College – Central Campus,Baccalaureate,Texas,Accredited
San Jacinto College – South Campus,Associate,Texas,Accredited
South Plains College,Associate,Texas,Accredited
South Texas College,Associate,Texas,Accredited
South Texas College,Baccalaureate,Texas,Accredited
Stephen F. Austin State University,Baccalaureate,Texas,Accredited
Stephen F. Austin State University,Master’s,Texas,Accredited
Tarrant County College,Associate,Texas,Accredited
Temple College,Associate,Texas,Accredited
Texarkana College,Associate,Texas,Accredited
Texas A&M International University,Master’s,Texas,Accredited
Texas A&M International University,Baccalaureate,Texas,Accredited
Trinity Valley Community College,Associate,Texas,Accredited
University of Houston – Clear Lake,Baccalaureate,Texas,Accredited
Victoria College,Associate,Texas,Accredited
Wayland Baptist University,Baccalaureate,Texas,Accredited
Wayland Baptist University,Master’s,Texas,Accredited
Weatherford College,Associate,Texas,Accredited
Weatherford College,Baccalaureate,Texas,Accredited
Fortis College – Salt Lake City,Associate,Utah,Accredited
"Joyce University of Nursing and
Health Sciences",Associate,Utah,Accredited
Salt Lake Community College,Associate,Utah,Accredited
Snow College,Associate,Utah,Accredited
Utah State University,Associate,Utah,Accredited
Utah State University,Baccalaureate,Utah,Accredited
Utah Tech University,Associate,Utah,Accredited
Utah Tech University,Baccalaureate,Utah,Accredited
Utah Valley University,Baccalaureate,Utah,Accredited
Utah Valley University,Associate,Utah,Accredited
Utah Valley University,Master’s,Utah,Accredited
Weber State University,Associate,Utah,Accredited
Weber State University,Baccalaureate,Utah,Accredited
Weber State University,Master’s/Post-Master’s Certificate,Utah,Accredited
Weber State University,Clinical Doctorate,Utah,Accredited
Blue Ridge Community College,Associate,Virginia,Accredited
Brightpoint Community College,Associate,Virginia,Accredited
Bryant & Stratton College – Hampton,Associate,Virginia,Accredited
Bryant & Stratton College – Richmond,Associate,Virginia,Accredited
Bryant & Stratton College – Virginia Beach,Associate,Virginia,Accredited
ECPI University – Manassas,Associate,Virginia,Accredited
ECPI University – Newport News,Baccalaureate,Virginia,Accredited
ECPI University – Newport News,Associate,Virginia,Accredited
ECPI University – Richmond,Associate,Virginia,Accredited
ECPI University – Roanoke,Associate,Virginia,Accredited
ECPI University – Virginia Beach,Associate,Virginia,Accredited
Galen College of Nursing – Richmond,Associate,Virginia,Accredited
Germanna Community College – Locust Grove Campus,Associate,Virginia,Accredited
J Sargeant Reynolds Community College,Associate,Virginia,Accredited
Laurel Ridge Community College,Associate,Virginia,Accredited
Mountain Empire Community College,Associate,Virginia,Accredited
Mountain Gateway Community College,Associate,Virginia,Accredited
Norfolk State University,Baccalaureate,Virginia,Accredited
Northern Virginia Community College,Associate,Virginia,Accredited
Patrick & Henry Community College,Associate,Virginia,Accredited
Paul D. Camp Community College,Associate,Virginia,Accredited
Piedmont Virginia Community College,Associate,Virginia,Accredited
Rappahannock Community College,Associate,Virginia,Accredited
Riverside College of Health Careers,Associate,Virginia,Accredited
Riverside College of Health Careers,Baccalaureate,Virginia,Accredited
Saint Michael College of Allied Health,Associate,Virginia,Accredited
Southside College of Health Sciences,Associate,Virginia,Accredited
Southside Virginia Community College,Associate,Virginia,Accredited
Southwest Virginia Community College,Associate,Virginia,Accredited
Tidewater Community College,Associate,Virginia,Accredited
Virginia Highlands Community College,Associate,Virginia,Accredited
Virginia Peninsula Community College,Associate,Virginia,Accredited
Virginia Western Community College,Associate,Virginia,Accredited
Wytheville Community College,Associate,Virginia,Accredited
Bellingham Technical College,Associate,Washington,Accredited
Big Bend Community College,Associate,Washington,Accredited
Clark College,Associate,Washington,Accredited
Columbia Basin College,Associate,Washington,Accredited
Everett Community College,Associate,Washington,Accredited
Grays Harbor College,Associate,Washington,Accredited
Highline College,Associate,Washington,Accredited
Lake Washington Institute of Technology,Associate,Washington,Accredited
Lower Columbia College,Associate,Washington,Accredited
Olympic College,Associate,Washington,Accredited
Pierce College Puyallup,Associate,Washington,Accredited
Seattle College District,Associate,Washington,Accredited
Shoreline Community College,Associate,Washington,Accredited
Skagit Valley College,Associate,Washington,Accredited
Spokane Community College,Associate,Washington,Accredited
Tacoma Community College,Associate,Washington,Accredited
Walla Walla Community College,Associate,Washington,Accredited
Wenatchee Valley College,Associate,Washington,Accredited
Whatcom Community College,Associate,Washington,Accredited
Yakima Valley College,Associate,Washington,Accredited
Blue Ridge Community and Technical College,Associate,West Virginia,Accredited
Bluefield State College,Associate,West Virginia,Accredited
BridgeValley Community & Technical College,Associate,West Virginia,Accredited
Davis & Elkins College,Associate,West Virginia,Accredited
Davis & Elkins College,Baccalaureate,West Virginia,Accredited
Eastern West Virginia Community & Technical College,Associate,West Virginia,Accredited
Fairmont State University,Associate,West Virginia,Accredited
Marshall University,Baccalaureate,West Virginia,Accredited
Marshall University,Master’s/Post-Master’s Certificate,West Virginia,Accredited
Southern West Virginia Community and Technical College,Associate,West Virginia,Accredited
St. Mary’s Hospital and Marshall University,Associate,West Virginia,Accredited
University of Charleston,Master’s,West Virginia,Accredited
"University of Charleston, The",Baccalaureate,West Virginia,Accredited
"University of Charleston, The",Associate,West Virginia,Accredited
West Virginia Junior College – Charleston,Associate,West Virginia,Accredited
West Virginia Junior College -Morgantown,Associate,West Virginia,Accredited
West Virginia Northern Community College,Associate,West Virginia,Accredited
West Virginia University at Parkersburg,Associate,West Virginia,Accredited
West Virginia University at Parkersburg,Baccalaureate,West Virginia,Accredited
Blackhawk Technical College,Associate,Wisconsin,Accredited
Bryant & Stratton College – Milwaukee West,Associate,Wisconsin,Accredited
Chippewa Valley Technical College,Associate,Wisconsin,Accredited
Fox Valley Technical College,Associate,Wisconsin,Accredited
Gateway Technical College,Associate,Wisconsin,Accredited
Lakeshore Technical College,Associate,Wisconsin,Accredited
Madison Area Technical College,Associate,Wisconsin,Accredited
Mid-State Technical College,Associate,Wisconsin,Accredited
Milwaukee Area Technical College,Associate,Wisconsin,Accredited
Moraine Park Technical College,Associate,Wisconsin,Accredited
Nicolet Area Technical College,Associate,Wisconsin,Accredited
Northcentral Technical College,Associate,Wisconsin,Accredited
Northeast Wisconsin Technical College,Associate,Wisconsin,Accredited
Northwood Technical College,Associate,Wisconsin,Accredited
Rasmussen University – Green Bay,Associate,Wisconsin,Accredited
Rasmussen University – Wausau,Associate,Wisconsin,Accredited
Southwest Wisconsin Technical College,Associate,Wisconsin,Accredited
Waukesha County Technical College,Associate,Wisconsin,Accredited
Western Technical College,Associate,Wisconsin,Accredited
Casper College,Associate,Wyoming,Accredited
Central Wyoming College,Associate,Wyoming,Accredited
Eastern Wyoming College,Associate,Wyoming,Accredited
Laramie County Community College,Associate,Wyoming,Accredited
Northern Wyoming Community College District,Associate,Wyoming,Accredited
Northwest College,Associate,Wyoming,Accredited
Western Wyoming Community College,Associate,Wyoming,Accredited
University of the District of Columbia,Baccalaureate,"Washington, DC",Accredited
University of the Virgin Islands,Baccalaureate,Virgin Islands,Accredited
University of Guam,Baccalaureate,Guam,Accredited
